Pelajaran,Cover Image,Kunci,Harga Unlock
Matematika,https://blogger.googleusercontent.com/img/b/R29vZ2xl/AVvXsEiGrZ-yrwAH9hiSy0vRHVa-p8o6DIPof6zJfzxZNhI9wy80XAKC7p-e2jvL4G5mYlQcU7XlOX4OCbUWHl3eHKc7w3Sk7dQr80l0njY6AkW4Ko6beSCwD3NqctUmWkuM3LHCMej5G2JVJIq4csDTil4-_wwwZb-FAoxymDxUfLRGqEdXnpWeWATTuufvjA0D/s320/matematika.jpg,,
Bahasa Indonesia,https://blogger.googleusercontent.com/img/b/R29vZ2xl/AVvXsEj2dkuo2Ay3hWWKmRKQLEJLUxMae_BbPQ1vFkSjWvMwgEcrMWaC5Gdz_iIGW5EdjM0V-YsPIN5APRowu3W5N4G8MtR9cSF3WtV5N8xt4MmogP81DoUFUG_O1c5RjHvemJMCnCmwxvlYZrAlo3WKP6vOWbcsZ4zbbnywM2uRVYFTuLIzvc2vU6uKXLxJQ5KN/s320/bahasa-indonesia.jpg,,
Pendidikan Pancasila,https://blogger.googleusercontent.com/img/b/R29vZ2xl/AVvXsEg5ANeHXM7cZciDTqJy_3qi6egCsnMUFX59y83rvhZy2BSVRRQfx-TcWO3WGLkL3-deFC-n0qx4nRm6uu3LFxHYsWWQP2fFLtwxu9Kg1muPBPTJ8ATiHGc-zLjn5iWg8MsEZN4QcuRV2rVrn6we48WAHINBYj7o4u2g9jtaBvQD7UeQf2Gy3GtZDG2Lbvgb/s320/pendidikan-pancasila.jpg,,
Bahasa Inggris,https://blogger.googleusercontent.com/img/b/R29vZ2xl/AVvXsEga1Oopo__Wn71Wj35b8spo67GtaL1ET3DsUhVytydLKi4Cfv-JjCVJUTu5bOY7FTsFftV-RG0F9MtiM-ZJ65sFwrc9fdehFFwZF7gyscQcyowibhsMYzD-D9rTkgzEQIjjO0l3dfJljnqooDIUYzxuPP0KMV7yvpaHGnG3iJJfdlFFr7m-pXJyFc1VpqwF/s320/inggris.jpg,,
Ilmu Pengetahuan Alam,https://blogger.googleusercontent.com/img/b/R29vZ2xl/AVvXsEgDRxSFgM4YxOBwJmSqjvmw20UIrCzkhMfQKx2AZpt9I4PUyPgsaA-63hUfH26pFcTfUL0ub2OXNQXs4rWpoCUihI_uFOK4AJzW6o11b_OsXjc33XJUaOaKueK9SOJM2nlkmHb1hyphenhyphenRf6ZAk1nQaW1aj2wNMp07RhtJbHwhLjLE0KkUE_JtRYF6DnRBhVodf/s320/ilmu-pengetahuan-alam.jpg,,
Ilmu Pengetahuan Sosial,https://blogger.googleusercontent.com/img/b/R29vZ2xl/AVvXsEhLqUElTAiiHbarxh7GFLre_QJ8bbIdf_lyCYsb-l1XvmsYBwu7LUVIr7HBqik2L8FwGV8UTDs52IINEsAzwfz72lVA1RcMalRuz_1dRjV3ulv972JoX2fewvXXTk-Z7vwgah6c1ob4CFJLlh_b-_PT37eIspjoOUyvjcIM8uaYeguT45PForF66hN2xr8u/s320/ips.jpg,,
Seni Budaya dan Prakarya,https://blogger.googleusercontent.com/img/b/R29vZ2xl/AVvXsEho6liDbug8Dfrgi3_myOmaMgE0qFgA0uoKBDl-JzY_le6qhQOPI803lHSsTVpkYlZGL7lAj3SYss1Gv1Wh61lvwkGhGSRAst2PcA4R3o5_6RyJhrAnecd7v6p2MYHi6kgTcwNsq7zFLknmDQ7fyQGQrA5L9osO_y-7qLDKW54K3XtR6jD1xyJE8xXhYc5Y/s320/sby.jpg,,
PJOK,https://blogger.googleusercontent.com/img/b/R29vZ2xl/AVvXsEhBgNH37DNb1GQuQjKCysfhm5z2Y93RzvgGmm-T_vsk2RDe_z324ijkU4P1YO08zr4nnHtBkwotnv7CB41gqzKF4wzvJwfsKCJtMH-YBZ38El2yoe4h-AuVu6bd0t5TCnrWoIFwW-OhPnzn1na5O1ejeAqFNzLpbGhykr-eEAEpG1kng-WF_qQGMVsNiQox/s320/penjas.jpg,,
Pendidikan Agama Islam,https://blogger.googleusercontent.com/img/b/R29vZ2xl/AVvXsEgkWZxSC5T6iGN0D-MmKEuIlvCM1HTcdWKgwh0kXGo3riowvrXnzXvlmfYJ-QmfvzaiHNOE04yZIheNDm1GblnKbWFJ1_JxEeO-tDDjMXhHEWvyRf4UUO2nhtZ0o9mQ2xsExrvVW1D1EmBrStgkkwqcLzTfz6gc1xqrEDXA0SyWWOvqSpbNLI-5KzXElObf/s320/pai.jpg,,
Bahasa Sunda,https://blogger.googleusercontent.com/img/b/R29vZ2xl/AVvXsEgAsJcVlxaPhkDFoVEHjr-2_oetGRAWFa4VUkj0wSjxzmvqyiGfIAuyUKMfLIGXr65qbWO8jZpa-jOHYQZ-0CCg5ggMq28BuRBKgH0DAAsWQLL0OmkMzpmq2m3woQA2EY-RhCSkZil3l1LowBh_vvpr9e2IsfUcYvZJQBcbpZgZYovSgk9inRtdD2HvirnC/s320/bahasa-sunda.jpg,,